<?xml version="1.0" encoding="UTF-8" standalone="yes"?>
<addon id="repository.deallen" name="DeAllen Repository" version="0.0.1" provider-name="DeAllen">
	<extension point="xbmc.addon.repository" name="deallen Repository">
		<dir>
			<info compressed="false">https://raw.githubusercontent.com/noobsandnerds/modules4all/master/zips/addons.xml</info>
			<checksum>https://raw.githubusercontent.com/noobsandnerds/modules4all/master/zips/addons.xml.md5</checksum>
			<datadir zip="true">https://raw.githubusercontent.com/noobsandnerds/modules4all/master/zips/</datadir>
		</dir>
		<info compressed="false">https://raw.githubusercontent.com/lhse44/repository.deallen/master/zips/addons.xml</info>
		<checksum>https://raw.githubusercontent.com/lhse44/repository.deallen/master/zips/addons.xml.md5</checksum>
		<datadir zip="true">https://raw.githubusercontent.com/lhse44/repository.deallen/master/zips/</datadir>
	</extension>
	<extension point="xbmc.addon.metadata">
		<summary lang="en">DeAllen Repo</summary>
		<description lang="en">DeAllen Repo</description>
		<genre></genre>
	</extension>
</addon>